"Level","Family","Genus","Species","ProxyName"
1,"ACANTHACEAE",NA,NA,"Acanthaceae undiff."
1,"AIZOACEAE",NA,NA,"Aizoaceae"
1,"AMARANTHACEAE",NA,NA,"Chenopodiaceae/Amaranthaceae"
1,"BRASSICACEAE",NA,NA,"Brassicaceae"
1,"CAMPANULACEAE",NA,NA,"Campanulaceae undiff."
1,"CARYOPHYLLACEAE",NA,NA,"Caryophyllaceae undiff."
1,"CELASTRACEAE",NA,NA,"Celastraceae"
1,"COMBRETACEAE",NA,NA,"Combretaceae-type"
1,"COMMELINACEAE",NA,NA,"Commelinaceae"
1,"ERICACEAE",NA,NA,"Ericaceae"
1,"EUPHORBIACEAE",NA,NA,"Euphorbiaceae undiff."
1,"FABACEAE",NA,NA,"Fabaceae undiff."
4,NA,NA,NA,"Liliaceae"
1,"MELIACEAE",NA,NA,"Sapotaceae/Meliaceae"
1,"MORACEAE",NA,NA,"Moraceae"
1,"NEURADACEAE",NA,NA,"Neuradaceae"
1,"NYCTAGINACEAE",NA,NA,"Nyctaginaceae"
1,"POACEAE",NA,NA,"Poaceae undiff."
1,"RESTIONACEAE",NA,NA,"Restionaceae"
1,"RHAMNACEAE",NA,NA,"Rhamnaceae undiff."
1,"RUBIACEAE",NA,NA,"Rubiaceae undiff."
1,"SAPOTACEAE",NA,NA,"Sapotaceae/Meliaceae"
1,"SCROPHULARIACEAE",NA,NA,"Scrophulariaceae undiff."
1,"THYMELAEACEAE",NA,NA,"Thymelaeaceae undiff."
1,"URTICACEAE",NA,NA,"Urticaceae"
1,"Rhizophoraceae",NA,NA,"Rhizophoraceae"
2,"ACANTHACEAE","Avicennia",NA,"Avicennia"
2,"ACANTHACEAE","Dicliptera",NA,"Hypoestes/Dicliptera-type"
2,"ACANTHACEAE","Hypoestes",NA,"Hypoestes/Dicliptera-type"
2,"ACANTHACEAE","Blepharis",NA,"Justicia/Blepharis-type"
2,"ACANTHACEAE","Justicia",NA,"Justicia/Blepharis-type"
2,"ACANTHACEAE","Petalidium",NA,"Petalidium"
2,"ANACARDIACEAE","Lannea",NA,"Lannea-type"
2,"ANACARDIACEAE","Searsia",NA,"Searsia"
2,"ANACARDIACEAE","Sorindeia",NA,"Sorindeia"
2,"ANEMIACEAE","Anemia",NA,"Anemia"
2,"ANTHOCEROTACEAE","Anthoceros",NA,"Anthoceros"
2,"APOCYNACEAE","Rauvolfia",NA,"Rauvolfia"
2,"APOCYNACEAE","Strophanthus",NA,"Strophanthus"
2,"AQUIFOLIACEAE","Ilex",NA,"Ilex"
2,"ARALIACEAE","Cussonia",NA,"Cussonia"
2,"ARALIACEAE","Schefflera",NA,"Schefflera"
2,"ARECACEAE","Borassus",NA,"Borassus"
2,"ARECACEAE","Calamus",NA,"Calamus"
2,"ARECACEAE","Hyphaene",NA,"Hyphaene"
2,"ARECACEAE","Nypa",NA,"Nypa"
2,"ARECACEAE","Phoenix",NA,"Phoenix"
2,"ARECACEAE","Raphia",NA,"Raphia-type"
2,"ASPARAGACEAE","Dracaena",NA,"Dracaena"
2,"ASPHODELACEAE","Aloe",NA,"Aloe-type"
2,"ASTERACEAE","Centaurea",NA,"Centaurea"
2,"ASTERACEAE","Cotula",NA,"Cotula-type"
2,"ASTERACEAE","Gazania",NA,"Gazania-type"
2,"ASTERACEAE","Pentzia",NA,"Pentzia-type"
2,"ASTERACEAE","Elytropappus",NA,"Stoebe-type"
2,"ASTERACEAE","Stoebe",NA,"Stoebe-type"
2,"ASTERACEAE","Artemisia",NA,"Tarchonanthus/Artemisia-type"
2,"ASTERACEAE","Tarchonanthus",NA,"Tarchonanthus/Artemisia-type"
2,"BALSAMINACEAE","Impatiens",NA,"Impatiens"
2,"BASELLACEAE","Basella",NA,"Basella"
2,"BIGNONIACEAE","Markhamia",NA,"Markhamia"
2,"BIGNONIACEAE","Stereospermum",NA,"Stereospermum"
2,"BURSERACEAE","Canarium",NA,"Canarium"
2,"BURSERACEAE","Commiphora",NA,"Commiphora"
2,"CAMPANULACEAE","Lobelia",NA,"Lobelia"
2,"CANNABACEAE","Celtis",NA,"Celtis"
2,"CAPPARACEAE","Boscia",NA,"Boscia/Maerua-type"
2,"CAPPARACEAE","Maerua",NA,"Boscia/Maerua-type"
2,"CAPPARACEAE","Capparis",NA,"Capparis"
2,"CARYOPHYLLACEAE","Polycarpaea",NA,"Polycarpaea"
2,"CARYOPHYLLACEAE","Polycarpon",NA,"Polycarpon"
2,"CASUARINACEAE","Casuarina",NA,"Casuarina"
2,"CHRYSOBALANACEAE","Parinari",NA,"Parinari"
2,"CLEOMACEAE","Cleome",NA,"Cleome"
2,"CLUSIACEAE","Allanblackia",NA,"Allanblackia"
2,"CONNARACEAE","Cnestis",NA,"Cnestis-type"
2,"CONVOLVULACEAE","Ipomoea",NA,"Ipomoea"
2,"CONVOLVULACEAE","Hildebrandtia",NA,"Merremia-Hildebrandtia-type"
2,"CONVOLVULACEAE","Merremia",NA,"Merremia-Hildebrandtia-type"
2,"CONVOLVULACEAE","Evolvulus",NA,"Seddera/Evolvulus-type"
2,"CONVOLVULACEAE","Seddera",NA,"Seddera/Evolvulus-type"
2,"CUCURBITACEAE","Coccinia",NA,"Coccinia"
2,"CUCURBITACEAE","Cucumis",NA,"Cucumis"
2,"CUCURBITACEAE","Luffa",NA,"Luffa"
2,"CUPRESSACEAE","Juniperus",NA,"Juniperus"
2,"CAPRIFOLIACEAE","Cephalaria",NA,"Scabiosa/Cephalaria-type"
2,"CAPRIFOLIACEAE","Scabiosa",NA,"Scabiosa/Cephalaria-type"
2,"DROSERACEAE","Drosera",NA,"Drosera"
2,"EBENACEAE","Diospyros",NA,"Diospyros"
2,"EBENACEAE","Euclea",NA,"Euclea"
2,"EHRETIACEAE","Cordia",NA,"Cordia"
2,"ERIOCAULACEAE","Eriocaulon",NA,"Eriocaulon"
2,"EUPHORBIACEAE","Acalypha",NA,"Acalypha"
2,"EUPHORBIACEAE","Alchornea",NA,"Alchornea"
2,"EUPHORBIACEAE","Caperonia",NA,"Caperonia-type"
2,"EUPHORBIACEAE","Croton",NA,"Croton"
2,"EUPHORBIACEAE","Anthostema",NA,"Dichostemma-Anthostema-type"
2,"EUPHORBIACEAE","Dichostemma",NA,"Dichostemma-Anthostema-type"
2,"EUPHORBIACEAE","Euphorbia",NA,"Euphorbia"
2,"EUPHORBIACEAE","Klaineanthus",NA,"Klaineanthus"
2,"EUPHORBIACEAE","Macaranga",NA,"Macaranga"
2,"FABACEAE","Afzelia",NA,"Afzelia"
2,"FABACEAE","Baphia",NA,"Baphia-type"
2,"FABACEAE","Bauhinia",NA,"Bauhinia"
2,"FABACEAE","Berlinia",NA,"Berlinia-type"
2,"FABACEAE","Brachystegia",NA,"Brachystegia"
2,"FABACEAE","Burkea",NA,"Burkea"
2,"FABACEAE","Cassia",NA,"Cassia-type"
2,"FABACEAE","Crotalaria",NA,"Crotalaria"
2,"FABACEAE","Cynometra",NA,"Cynometra"
2,"FABACEAE","Daniellia",NA,"Daniellia-type"
2,"FABACEAE","Detarium",NA,"Detarium"
2,"FABACEAE","Dialium",NA,"Dialium"
2,"FABACEAE","Erythrina",NA,"Erythrina"
2,"FABACEAE","Indigofera",NA,"Indigofera-type"
2,"FABACEAE","Millettia",NA,"Millettia"
2,"FABACEAE","Ormocarpum",NA,"Ormocarpum"
2,"FABACEAE","Pericopsis",NA,"Pericopsis"
2,"FABACEAE","Lonchocarpus",NA,"Philenoptera/Lonchocarpus-type"
2,"FABACEAE","Philenoptera",NA,"Philenoptera/Lonchocarpus-type"
2,"FABACEAE","Entada",NA,"Piptadeniastrum/Entada-type"
2,"FABACEAE","Piptadeniastrum",NA,"Piptadeniastrum/Entada-type"
2,"FABACEAE","Pterocarpus",NA,"Pterocarpus-type"
2,"FABACEAE","Rhynchosia",NA,"Rhynchosia"
2,"FABACEAE","Tamarindus",NA,"Tamarindus"
2,"FABACEAE","Tephrosia",NA,"Tephrosia-type"
2,"FABACEAE","Senegalia",NA,"Vachellia/Senegalia"
2,"FABACEAE","Vachellia",NA,"Vachellia/Senegalia"
2,"FABACEAE","Vigna",NA,"Vigna"
2,"FLAGELLARIACEAE","Flagellaria",NA,"Flagellaria"
2,"GENTIANACEAE","Anthocleista",NA,"Anthocleista"
2,"GERANIACEAE","Pelargonium",NA,"Pelargonium-type"
2,"GUNNERACEAE","Gunnera",NA,"Gunnera"
2,"LAMIACEAE","Leonotis",NA,"Leonotis"
2,"LAMIACEAE","Ocimum",NA,"Ocimum-type"
2,"LECYTHIDACEAE","Barringtonia",NA,"Barringtonia"
2,"LOGANIACEAE","Strychnos",NA,"Strychnos"
2,"LORANTHACEAE","Plicosepalus",NA,"Plicosepalus"
2,"LORANTHACEAE","Tapinanthus",NA,"Tapinanthus"
2,"LYTHRACEAE","Ammannia",NA,"Ammannia"
2,"MALPIGHIACEAE","Flabellaria",NA,"Flabellaria"
2,"MALVACEAE","Corchorus",NA,"Corchorus"
2,"MALVACEAE","Dombeya",NA,"Dombeya"
2,"MALVACEAE","Grewia",NA,"Grewia"
2,"MALVACEAE","Heritiera",NA,"Heritiera-type"
2,"MALVACEAE","Hermannia",NA,"Hermannia"
2,"MALVACEAE","Melochia",NA,"Melochia"
2,"MALVACEAE","Sterculia",NA,"Sterculia"
2,"MALVACEAE","Waltheria",NA,"Waltheria"
2,"MELASTOMATACEAE","Dissotis",NA,"Combretaceae-type"
2,"MELASTOMATACEAE","Memecylon",NA,"Combretaceae-type"
2,"MELIACEAE","Khaya",NA,"Khaya"
2,"MYRICACEAE","Morella",NA,"Morella"
2,"MYRISTICACEAE","Cephalosphaera",NA,"Cephalosphaera"
2,"MYRISTICACEAE","Pycnanthus",NA,"Pycnanthus"
2,"MYRTACEAE","Eugenia",NA,"Eugenia"
2,"NOTOTHYLADACEAE","Phaeoceros",NA,"Phaeoceros"
2,"OCHNACEAE","Lophira",NA,"Lophira"
2,"OLEACEAE","Olea",NA,"Olea"
2,"OLEACEAE","Schrebera",NA,"Schrebera-type"
2,"ONAGRACEAE","Ludwigia",NA,"Ludwigia"
2,"PANDANACEAE","Pandanus",NA,"Pandanus"
2,"PASSIFLORACEAE","Adenia",NA,"Adenia"
2,"PERACEAE","Clutia",NA,"Clutia"
2,"PHYLLANTHACEAE","Bridelia",NA,"Bridelia"
2,"PHYLLANTHACEAE","Flueggea",NA,"Flueggea"
2,"PHYLLANTHACEAE","Hymenocardia",NA,"Hymenocardia"
2,"PHYLLANTHACEAE","Phyllanthus",NA,"Phyllanthus"
2,"PHYLLANTHACEAE","Pseudolachnostylis",NA,"Pseudolachnostylis-type"
2,"PHYLLANTHACEAE","Uapaca",NA,"Uapaca"
2,"PLANTAGINACEAE","Plantago",NA,"Plantago"
2,"PODOCARPACEAE","Podocarpus",NA,"Podocarpus"
2,"POLYGALACEAE","Polygala",NA,"Polygala"
2,"POLYGONACEAE","Oxygonum",NA,"Oxygonum"
2,"POLYGONACEAE","Rumex",NA,"Rumex"
2,"PROTEACEAE","Protea",NA,"Protea-type"
2,"PTERIDACEAE","Pteris",NA,"Pteris"
2,"RANUNCULACEAE","Clematis",NA,"Clematis-type"
2,"RHAMNACEAE","Ziziphus",NA,"Ziziphus-type"
2,"ROSACEAE","Alchemilla",NA,"Alchemilla"
2,"ROSACEAE","Cliffortia",NA,"Cliffortia"
2,"ROSACEAE","Hagenia",NA,"Hagenia"
2,"RUBIACEAE","Anthospermum",NA,"Anthospermum-type"
2,"RUBIACEAE","Canthium",NA,"Canthium/Morelia-type"
2,"RUBIACEAE","Morelia",NA,"Canthium/Morelia-type"
2,"RUBIACEAE","Coffea",NA,"Coffea-type"
2,"RUBIACEAE","Crossopteryx",NA,"Crossopteryx-type"
2,"RUBIACEAE","Cuviera",NA,"Cuviera"
2,"RUBIACEAE","Gaertnera",NA,"Gaertnera"
2,"RUBIACEAE","Galium",NA,"Galium"
2,"RUBIACEAE","Kohautia",NA,"Kohautia"
2,"RUBIACEAE","Mitracarpus",NA,"Mitracarpus"
2,"RUBIACEAE","Mitragyna",NA,"Mitragyna"
2,"RUBIACEAE","Psychotria",NA,"Psychotria"
2,"RUBIACEAE","Psydrax",NA,"Psydrax"
2,"RUBIACEAE","Fadogia",NA,"Rytigynia/Fadogia-type"
2,"RUBIACEAE","Rytigynia",NA,"Rytigynia/Fadogia-type"
2,"RUBIACEAE","Spermacoce",NA,"Spermacoce"
2,"RUTACEAE","Afraegle",NA,"Afraegle"
2,"RUTACEAE","Zanthoxylum",NA,"Zanthoxylum"
2,"SAPINDACEAE","Allophylus",NA,"Allophylus"
2,"SAPINDACEAE","Blighia",NA,"Blighia-type"
2,"SAPOTACEAE","Chrysophyllum",NA,"Chrysophyllum"
2,"SAPOTACEAE","Manilkara",NA,"Manilkara"
2,"SCROPHULARIACEAE","Hebenstretia",NA,"Selago-type"
2,"SCROPHULARIACEAE","Selago",NA,"Selago-type"
2,"SOLANACEAE","Solanum",NA,"Solanum"
2,"THYMELAEACEAE","Passerina",NA,"Passerina"
2,"VITACEAE","Cissus",NA,"Cissus"
2,"VITACEAE","Leea",NA,"Leea"
2,"ZYGOPHYLLACEAE","Balanites",NA,"Balanites"
2,"ZYGOPHYLLACEAE","Fagonia",NA,"Fagonia"
2,"ZYGOPHYLLACEAE","Tribulus",NA,"Tribulus"
2,"ZYGOPHYLLACEAE","Zygophyllum",NA,"Zygophyllum"
2,"BUXACEAE","Buxus",NA,"Buxus"
2,"BUXACEAE","Notobuxus",NA,"Notobuxus"
2,"HALORAGACEAE","Myriophyllum",NA,"Myriophyllum"
2,"LYCOPODIACEAE","Lycopodium",NA,"Lycopodium"
3,"ARECACEAE","Elaeis","Elaeis guineensis","Elaeis guineensis"
3,"BIGNONIACEAE","Kigelia","Kigelia africana","Kigelia africana"
3,"CLUSIACEAE","Garcinia","Garcinia ovalifolia","Garcinia ovalifolia-type"
3,"COMBRETACEAE","Lumnitzera","Lumnitzera racemosa","Lumnitzera-type"
3,"EUPHORBIACEAE","Spirostachys","Spirostachys africana","Spirostachys africana"
3,"FABACEAE","Colophospermum","Colophospermum mopane","Colophospermum mopane"
3,"FABACEAE","Peltophorum","Peltophorum africanum","Peltophorum africanum"
3,"POLYGONACEAE","Polygonum","Polygonum aviculare","Polygonum aviculare-type"
3,"PRIMULACEAE","Myrsine","Myrsine africana","Myrsine africana"
3,"RUBIACEAE","Stipularia","Stipularia africana","Stipularia africana"
3,"SAPINDACEAE","Dodonaea","Dodonaea viscosa","Dodonaea viscosa"
3,"LYCOPODIACEAE","Palhinhaea","Palhinhaea cernua","Palhinhaea cernua"
4,NA,NA,NA,"Buxus madagascaria-type"
4,NA,NA,NA,"Caesalpiniaceae"
4,NA,NA,NA,"cf. Laccosperma"
4,NA,NA,NA,"Mimosaceae"
4,NA,NA,NA,"Monolete psilate"
4,NA,NA,NA,"Persicaria senegalensis-type"
4,NA,NA,NA,"Pteridium type"
4,NA,NA,NA,"spores, monolete"
4,NA,NA,NA,"Stephanocolporate striatoreticulate"
4,NA,NA,NA,"Trilete spores"
4,NA,NA,NA,"Varia"
4,NA,NA,NA,"Indeterminata"
4,NA,NA,NA,"Daisy-type"
4,NA,NA,NA,"Asteraceae Liguliflorae"
4,NA,NA,NA,"Asteraceae Tubuliflorae"
4,NA,NA,NA,"Asteraceae Vernoniae"
