"","bio1","ai"
"Afraegle",1,1
"Buxus",1,1
"Buxus madagascaria-type",1,1
"Daniellia-type",1,1
"Detarium",1,1
"Dichostemma-Anthostema-type",1,1
"Klaineanthus",1,1
"Lophira",1,1
"Notobuxus",1,1
"Nypa",1,1
"Persicaria senegalensis-type",1,1
"Stipularia africana",1,1
"Indeterminata",-1,-1
"Stephanocolporate",-1,-1
"striatoreticulate",-1,-1
"Varia",-1,-1
"Allanblackia",1,1
"Berlinia-type",1,1
"Borassus",1,1
"Calamus",1,1
"Canarium",1,1
"Caperonia-type",1,1
"Casuarina",1,1
"Cephalosphaera",1,1
"Cuviera",1,1
"Cynometra",1,1
"Elaeis guineensis",1,1
"Flabellaria",1,1
"Gaertnera",1,1
"Garcinia ovalifolia-type",1,1
"Heritiera-type",1,1
"Leea",1,1
"Liliaceae",1,1
"Luffa",1,1
"Lumnitzera-type",1,1
"Mitracarpus",1,1
"Pandanus",1,1
"Pycnanthus",1,1
"Raphia-type",1,1
"Aizoaceae",0,1
"Chenopodiaceae/Amaranthaceae",0,0
"Asteraceae Liguliflorae",-1,-1
"Asteraceae Tubuliflorae",-1,-1
"Asteraceae Vernoniae",-1,-1
"Caesalpiniaceae",-1,-1
"Daisy-type",-1,-1
"Fabaceae undiff.",-1,-1
"Mimosoidae",-1,-1
"Poaceae undiff.",-1,-1
"Rubiaceae undiff.",-1,-1
"Acalypha",1,1
"Acanthaceae undiff.",1,1
"Adenia",1,1
"Afzelia",1,1
"Alchemilla",1,1
"Alchornea",1,1
"Allophylus",1,1
"Aloe-type",1,1
"Ammannia",1,1
"Anthocleista",1,1
"Anthospermum-type",1,1
"Avicennia",1,1
"Balanites",1,1
"Baphia-type",1,1
"Barringtonia",1,1
"Basella",1,1
"Bauhinia",1,1
"Blighia-type",1,1
"Boscia/Maerua-type",1,1
"Brachystegia",1,1
"Brassicaceae",1,1
"Bridelia",1,1
"Burkea",1,1
"Campanulaceae undiff.",1,1
"Canthium/Morelia-type",1,1
"Capparis",1,1
"Caryophyllaceae undiff.",1,1
"Cassia-type",1,1
"Celastraceae",1,1
"Celtis",1,1
"Centaurea",1,1
"Chrysophyllum",1,1
"Cissus",1,1
"Clematis-type",1,1
"Cleome",1,1
"Cliffortia",1,1
"Clutia",1,1
"Cnestis-type",1,1
"Coccinia",1,1
"Coffea-type",1,1
"Colophospermum mopane",1,1
"Combretaceae-type",1,1
"Commelinaceae",1,1
"Commiphora",1,1
"Corchorus",1,1
"Cordia",1,1
"Cotula-type",1,1
"Crossopteryx-type",1,1
"Crotalaria",1,1
"Croton",1,1
"Cucumis",1,1
"Cussonia",1,1
"Dialium",1,1
"Diospyros",1,1
"Dodonaea viscosa",1,1
"Dombeya",1,1
"Dracaena",1,1
"Drosera",1,1
"Ericaceae",1,1
"Eriocaulon",1,1
"Erythrina",1,1
"Euclea",1,1
"Eugenia",1,1
"Euphorbia",1,1
"Fagonia",1,1
"Flagellaria",1,1
"Flueggea",1,1
"Galium",1,1
"Gazania-type",1,1
"Grewia",1,1
"Gunnera",1,1
"Hagenia",1,1
"Hermannia",1,1
"Hymenocardia",1,1
"Hyphaene",1,1
"Hypoestes/Dicliptera-type",1,1
"Ilex",1,1
"Impatiens",1,1
"Indigofera-type",1,1
"Ipomoea",1,1
"Juniperus",1,1
"Justicia/Blepharis-type",1,1
"Khaya",1,1
"Kigelia africana",1,1
"Kohautia",1,1
"Lannea-type",1,1
"Leonotis",1,1
"Lobelia",1,1
"Ludwigia",1,1
"Macaranga",1,1
"Manilkara",1,1
"Markhamia",1,1
"Melochia",1,1
"Merremia-Hildebrandtia-type",1,1
"Millettia",1,1
"Mitragyna",1,1
"Moraceae",1,1
"Morella",1,1
"Myriophyllum",1,1
"Myrsine africana",1,1
"Neuradaceae",1,1
"Nyctaginaceae",1,1
"Ocimum-type",1,1
"Olea",1,1
"Ormocarpum",1,1
"Oxygonum",1,1
"Parinari",1,1
"Passerina",1,1
"Pelargonium-type",1,1
"Peltophorum africanum",1,1
"Pentzia-type",1,1
"Pericopsis",1,1
"Petalidium",1,1
"Philenoptera/Lonchocarpus-type",1,1
"Phoenix",1,1
"Phyllanthus",1,1
"Piptadeniastrum/Entada-type",1,1
"Plantago",1,1
"Plicosepalus",1,1
"Podocarpus",1,1
"Polycarpaea",1,1
"Polycarpon",1,1
"Polygala",1,1
"Polygonum aviculare-type",1,1
"Protea-type",1,1
"Pseudolachnostylis-type",1,1
"Psychotria",1,1
"Psydrax",1,1
"Pterocarpus-type",1,1
"Rauvolfia",1,1
"Restionaceae",1,1
"Rhamnaceae undiff.",1,1
"Rhizophoraceae",1,1
"Rhynchosia",1,1
"Rumex",1,1
"Rytigynia/Fadogia-type",1,1
"Sapotaceae/Meliaceae",1,1
"Scabiosa/Cephalaria-type",1,1
"Schefflera",1,1
"Schrebera-type",1,1
"Scrophulariaceae undiff.",1,1
"Searsia",1,1
"Seddera/Evolvulus-type",1,1
"Solanum",1,1
"Sorindeia",1,1
"Spermacoce",1,1
"Spirostachys africana",1,1
"Sterculia",1,1
"Stereospermum",1,1
"Stoebe-type",1,1
"Strophanthus",1,1
"Strychnos",1,1
"Tamarindus",1,1
"Tapinanthus",1,1
"Tarchonanthus/Artemisia-type",1,1
"Tephrosia-type",1,1
"Thymelaeaceae undiff.",1,1
"Tribulus",1,1
"Uapaca",1,1
"Urticaceae",1,1
"Vachellia/Senegalia",1,1
"Vigna",1,1
"Waltheria",1,1
"Zanthoxylum",1,1
"Ziziphus-type",1,1
"Zygophyllum",1,1
